{"avg_by_emotion": {"anger": -0.27352399258916166, "fear": -0.15333717088280846, "joy": 0.5123798769116001, "love": 0.4617950153374233, "sadness": -0.257151414487784, "surprise": 0.23657447552447555}, "sentiment_counts": {"positive": 8382, "negative": 6965, "neutral": 653}}